order_id,customer_id,product_id,order_date,quantity,unit_price,revenue,quarter
O-00001,C-0032,P-104,2025-10-03,9,159.22,1432.98,Q4
O-00002,C-0055,P-104,2025-07-24,12,131.51,1578.12,Q3
O-00003,C-0018,P-104,2025-09-10,3,159.68,479.04,Q3
O-00004,C-0015,P-101,2025-11-18,6,430.89,2585.34,Q4
O-00005,C-0055,P-104,2025-02-02,13,140.04,1820.52,Q1
O-00006,C-0060,P-104,2025-05-09,18,165.19,2973.42,Q2
O-00007,C-0002,P-100,2025-12-16,18,1275.37,22956.66,Q4
O-00008,C-0099,P-102,2025-02-27,10,761.73,7617.3,Q1
O-00009,C-0059,P-100,2025-05-15,17,1280.02,21760.34,Q2
O-00010,C-0065,P-100,2025-11-17,10,1313.5,13135.0,Q4
O-00011,C-0065,P-104,2025-04-12,5,139.63,698.15,Q2
O-00012,C-0021,P-104,2025-09-29,1,151.44,151.44,Q3
O-00013,C-0063,P-100,2025-02-27,12,1329.06,15948.72,Q1
O-00014,C-0040,P-101,2025-01-30,8,442.92,3543.36,Q1
O-00015,C-0011,P-100,2025-09-06,3,1370.75,4112.25,Q3
O-00016,C-0069,P-101,2025-03-07,16,452.56,7240.96,Q1
O-00017,C-0022,P-102,2025-09-28,20,758.48,15169.6,Q3
O-00018,C-0028,P-104,2025-12-20,7,157.43,1102.01,Q4
O-00019,C-0052,P-102,2025-08-13,17,766.42,13029.14,Q3
O-00020,C-0032,P-101,2025-02-02,11,322.94,3552.34,Q1
O-00021,C-0071,P-101,2025-10-29,8,321.01,2568.08,Q4
O-00022,C-0091,P-100,2025-04-28,3,1340.28,4020.84,Q2
O-00023,C-0043,P-100,2025-09-21,8,1076.96,8615.68,Q3
O-00024,C-0063,P-101,2025-10-04,5,421.27,2106.35,Q4
O-00025,C-0074,P-104,2025-08-31,8,161.19,1289.52,Q3
O-00026,C-0053,P-101,2025-02-18,4,412.26,1649.04,Q1
O-00027,C-0046,P-103,2025-07-30,15,275.59,4133.85,Q3
O-00028,C-0007,P-100,2025-02-01,13,1265.85,16456.05,Q1
O-00029,C-0014,P-101,2025-04-09,7,395.08,2765.56,Q2
O-00030,C-0018,P-103,2025-04-04,9,240.48,2164.32,Q2
O-00031,C-0010,P-103,2025-10-09,4,204.43,817.72,Q4
O-00032,C-0070,P-100,2025-02-17,8,1029.85,8238.8,Q1
O-00033,C-0063,P-103,2025-04-20,13,278.96,3626.48,Q2
O-00034,C-0022,P-103,2025-01-02,13,223.21,2901.73,Q1
O-00035,C-0059,P-102,2025-08-05,18,825.32,14855.76,Q3
O-00036,C-0063,P-101,2025-04-08,10,350.48,3504.8,Q2
O-00037,C-0008,P-104,2025-10-05,2,159.27,318.54,Q4
O-00038,C-0008,P-100,2025-10-27,16,1171.2,18739.2,Q4
O-00039,C-0068,P-101,2025-01-30,17,331.22,5630.74,Q1
O-00040,C-0024,P-100,2025-11-01,3,1243.59,3730.77,Q4
O-00041,C-0031,P-103,2025-03-03,19,221.54,4209.26,Q1
O-00042,C-0077,P-100,2025-11-14,3,1136.07,3408.21,Q4
O-00043,C-0075,P-104,2025-09-25,11,169.07,1859.77,Q3
O-00044,C-0027,P-102,2025-05-03,9,750.82,6757.38,Q2
O-00045,C-0086,P-102,2025-08-23,11,900.13,9901.43,Q3
O-00046,C-0010,P-100,2025-08-23,20,1379.35,27587.0,Q3
O-00047,C-0013,P-100,2025-10-03,7,1172.47,8207.29,Q4
O-00048,C-0017,P-102,2025-02-05,8,743.47,5947.76,Q1
O-00049,C-0021,P-103,2025-10-06,10,253.52,2535.2,Q4
O-00050,C-0084,P-104,2025-01-05,18,135.72,2442.96,Q1
O-00051,C-0085,P-100,2025-03-10,9,1008.48,9076.32,Q1
O-00052,C-0014,P-104,2025-03-21,9,134.79,1213.11,Q1
O-00053,C-0027,P-102,2025-04-15,9,781.51,7033.59,Q2
O-00054,C-0033,P-100,2025-02-17,14,1308.33,18316.62,Q1
O-00055,C-0006,P-100,2025-06-20,5,1227.59,6137.95,Q2
O-00056,C-0034,P-101,2025-08-15,18,418.79,7538.22,Q3
O-00057,C-0072,P-100,2025-02-27,3,1356.92,4070.76,Q1
O-00058,C-0089,P-101,2025-10-07,2,436.84,873.68,Q4
O-00059,C-0075,P-104,2025-03-17,14,126.69,1773.66,Q1
O-00060,C-0040,P-102,2025-01-21,12,698.82,8385.84,Q1
O-00061,C-0032,P-100,2025-07-01,18,1331.34,23964.12,Q3
O-00062,C-0053,P-104,2025-03-21,8,165.39,1323.12,Q1
O-00063,C-0023,P-103,2025-01-13,6,264.45,1586.7,Q1
O-00064,C-0043,P-103,2025-12-09,8,223.35,1786.8,Q4
O-00065,C-0090,P-100,2025-07-15,2,1320.61,2641.22,Q3
O-00066,C-0029,P-101,2025-08-24,12,362.73,4352.76,Q3
O-00067,C-0030,P-101,2025-01-13,7,375.79,2630.53,Q1
O-00068,C-0036,P-100,2025-05-23,12,1229.42,14753.04,Q2
O-00069,C-0052,P-104,2025-06-19,1,126.06,126.06,Q2
O-00070,C-0034,P-101,2025-10-25,9,325.36,2928.24,Q4
O-00071,C-0077,P-103,2025-06-26,11,238.18,2619.98,Q2
O-00072,C-0066,P-100,2025-07-17,19,1039.83,19756.77,Q3
O-00073,C-0006,P-103,2025-01-01,17,280.99,4776.83,Q1
O-00074,C-0069,P-101,2025-07-06,14,329.8,4617.2,Q3
O-00075,C-0086,P-102,2025-11-16,11,825.75,9083.25,Q4
O-00076,C-0016,P-102,2025-09-17,10,826.73,8267.3,Q3
O-00077,C-0042,P-103,2025-12-23,10,248.51,2485.1,Q4
O-00078,C-0025,P-103,2025-12-07,13,259.27,3370.51,Q4
O-00079,C-0023,P-104,2025-10-19,10,141.32,1413.2,Q4
O-00080,C-0001,P-102,2025-05-27,7,760.37,5322.59,Q2
O-00081,C-0075,P-104,2025-12-02,11,144.41,1588.51,Q4
O-00082,C-0057,P-101,2025-09-19,16,431.12,6897.92,Q3
O-00083,C-0095,P-101,2025-12-04,3,359.73,1079.19,Q4
O-00084,C-0085,P-104,2025-06-21,3,162.97,488.91,Q2
O-00085,C-0097,P-101,2025-12-11,10,351.45,3514.5,Q4
O-00086,C-0026,P-101,2025-01-13,2,354.28,708.56,Q1
O-00087,C-0061,P-104,2025-02-07,15,141.76,2126.4,Q1
O-00088,C-0081,P-104,2025-04-10,13,145.95,1897.35,Q2
O-00089,C-0032,P-101,2025-12-02,1,444.97,444.97,Q4
O-00090,C-0099,P-100,2025-08-06,8,1033.87,8270.96,Q3
O-00091,C-0090,P-104,2025-08-26,2,149.26,298.52,Q3
O-00092,C-0016,P-103,2025-03-10,15,258.41,3876.15,Q1
O-00093,C-0072,P-104,2025-06-12,15,152.16,2282.4,Q2
O-00094,C-0093,P-104,2025-08-07,18,143.41,2581.38,Q3
O-00095,C-0021,P-103,2025-08-19,9,265.78,2392.02,Q3
O-00096,C-0082,P-102,2025-09-24,16,815.49,13047.84,Q3
O-00097,C-0036,P-103,2025-02-09,10,220.52,2205.2,Q1
O-00098,C-0043,P-102,2025-10-04,3,678.74,2036.22,Q4
O-00099,C-0030,P-103,2025-12-22,5,261.81,1309.05,Q4
O-00100,C-0009,P-103,2025-07-28,11,247.48,2722.28,Q3
O-00101,C-0054,P-100,2025-04-16,14,1123.58,15730.12,Q2
O-00102,C-0099,P-104,2025-12-23,1,164.98,164.98,Q4
O-00103,C-0098,P-104,2025-07-14,16,120.31,1924.96,Q3
O-00104,C-0046,P-102,2025-07-19,14,790.7,11069.8,Q3
O-00105,C-0095,P-104,2025-11-05,8,145.63,1165.04,Q4
O-00106,C-0035,P-103,2025-09-06,1,234.03,234.03,Q3
O-00107,C-0086,P-103,2025-03-26,15,280.46,4206.9,Q1
O-00108,C-0080,P-104,2025-01-14,13,151.07,1963.91,Q1
O-00109,C-0085,P-100,2025-02-12,14,1016.99,14237.86,Q1
O-00110,C-0060,P-101,2025-01-26,9,373.07,3357.63,Q1
O-00111,C-0028,P-103,2025-06-17,11,266.61,2932.71,Q2
O-00112,C-0049,P-102,2025-08-04,9,873.78,7864.02,Q3
O-00113,C-0061,P-100,2025-10-04,2,1379.96,2759.92,Q4
O-00114,C-0045,P-101,2025-11-29,3,429.37,1288.11,Q4
O-00115,C-0084,P-100,2025-01-16,8,1043.73,8349.84,Q1
O-00116,C-0003,P-104,2025-03-20,8,126.63,1013.04,Q1
O-00117,C-0086,P-100,2025-10-16,7,1155.31,8087.17,Q4
O-00118,C-0033,P-102,2025-03-27,20,810.03,16200.6,Q1
O-00119,C-0096,P-100,2025-03-25,10,1005.4,10054.0,Q1
O-00120,C-0004,P-102,2025-10-22,13,751.06,9763.78,Q4
O-00121,C-0092,P-101,2025-02-08,19,416.69,7917.11,Q1
O-00122,C-0081,P-101,2025-02-22,10,439.04,4390.4,Q1
O-00123,C-0077,P-100,2025-10-17,2,1105.83,2211.66,Q4
O-00124,C-0055,P-102,2025-02-05,17,821.31,13962.27,Q1
O-00125,C-0002,P-103,2025-09-08,4,237.93,951.72,Q3
O-00126,C-0047,P-103,2025-12-29,5,238.11,1190.55,Q4
O-00127,C-0094,P-104,2025-11-30,9,152.34,1371.06,Q4
O-00128,C-0069,P-103,2025-08-27,14,272.25,3811.5,Q3
O-00129,C-0076,P-102,2025-06-15,8,872.6,6980.8,Q2
O-00130,C-0012,P-102,2025-08-19,8,850.13,6801.04,Q3
O-00131,C-0073,P-104,2025-12-09,13,137.66,1789.58,Q4
O-00132,C-0064,P-102,2025-04-04,16,699.39,11190.24,Q2
O-00133,C-0034,P-102,2025-05-24,20,836.33,16726.6,Q2
O-00134,C-0036,P-104,2025-01-06,17,169.77,2886.09,Q1
O-00135,C-0011,P-101,2025-07-28,16,397.72,6363.52,Q3
O-00136,C-0031,P-103,2025-11-27,16,239.22,3827.52,Q4
O-00137,C-0003,P-100,2025-05-31,8,1129.85,9038.8,Q2
O-00138,C-0032,P-102,2025-12-06,19,743.33,14123.27,Q4
O-00139,C-0071,P-104,2025-06-26,14,172.32,2412.48,Q2
O-00140,C-0071,P-102,2025-06-30,15,715.86,10737.9,Q2
O-00141,C-0033,P-101,2025-03-03,7,364.18,2549.26,Q1
O-00142,C-0096,P-104,2025-12-20,6,130.06,780.36,Q4
O-00143,C-0095,P-103,2025-05-22,19,285.45,5423.55,Q2
O-00144,C-0068,P-104,2025-05-25,4,163.71,654.84,Q2
O-00145,C-0038,P-101,2025-07-04,6,362.32,2173.92,Q3
O-00146,C-0091,P-104,2025-03-06,9,122.39,1101.51,Q1
O-00147,C-0007,P-104,2025-05-30,5,153.49,767.45,Q2
O-00148,C-0097,P-103,2025-02-22,1,250.23,250.23,Q1
O-00149,C-0061,P-103,2025-08-14,11,216.13,2377.43,Q3
O-00150,C-0007,P-102,2025-09-02,4,870.19,3480.76,Q3
O-00151,C-0052,P-103,2025-02-07,19,255.08,4846.52,Q1
O-00152,C-0007,P-101,2025-03-18,19,452.88,8604.72,Q1
O-00153,C-0011,P-101,2025-03-02,18,427.02,7686.36,Q1
O-00154,C-0078,P-104,2025-11-13,8,160.72,1285.76,Q4
O-00155,C-0049,P-103,2025-08-15,10,275.26,2752.6,Q3
O-00156,C-0055,P-102,2025-10-19,20,656.86,13137.2,Q4
O-00157,C-0095,P-100,2025-04-17,7,1071.15,7498.05,Q2
O-00158,C-0011,P-101,2025-05-03,6,397.28,2383.68,Q2
O-00159,C-0021,P-100,2025-07-29,15,1249.54,18743.1,Q3
O-00160,C-0061,P-102,2025-01-17,8,720.67,5765.36,Q1
O-00161,C-0037,P-103,2025-02-06,8,280.84,2246.72,Q1
O-00162,C-0081,P-104,2025-12-05,7,142.32,996.24,Q4
O-00163,C-0070,P-101,2025-11-28,5,447.18,2235.9,Q4
O-00164,C-0019,P-100,2025-01-31,6,1292.9,7757.4,Q1
O-00165,C-0077,P-104,2025-05-28,15,126.53,1897.95,Q2
O-00166,C-0089,P-102,2025-12-25,13,903.95,11751.35,Q4
O-00167,C-0065,P-104,2025-09-10,15,124.22,1863.3,Q3
O-00168,C-0006,P-103,2025-06-15,20,221.91,4438.2,Q2
O-00169,C-0012,P-101,2025-12-12,19,402.2,7641.8,Q4
O-00170,C-0003,P-102,2025-10-23,2,853.67,1707.34,Q4
O-00171,C-0023,P-103,2025-09-23,15,280.16,4202.4,Q3
O-00172,C-0024,P-104,2025-08-12,16,170.88,2734.08,Q3
O-00173,C-0061,P-102,2025-07-29,11,729.9,8028.9,Q3
O-00174,C-0014,P-101,2025-06-18,14,417.11,5839.54,Q2
O-00175,C-0037,P-103,2025-10-09,2,239.8,479.6,Q4
O-00176,C-0041,P-102,2025-06-15,4,911.65,3646.6,Q2
O-00177,C-0052,P-104,2025-01-01,18,144.25,2596.5,Q1
O-00178,C-0007,P-101,2025-09-23,12,407.17,4886.04,Q3
O-00179,C-0064,P-103,2025-01-27,7,223.37,1563.59,Q1
O-00180,C-0017,P-102,2025-08-13,16,674.0,10784.0,Q3
O-00181,C-0081,P-104,2025-05-03,6,136.31,817.86,Q2
O-00182,C-0002,P-104,2025-07-28,3,131.8,395.4,Q3
O-00183,C-0015,P-103,2025-03-02,5,243.61,1218.05,Q1
O-00184,C-0092,P-102,2025-09-18,9,756.34,6807.06,Q3
O-00185,C-0062,P-103,2025-05-05,15,248.24,3723.6,Q2
O-00186,C-0050,P-101,2025-11-03,17,424.48,7216.16,Q4
O-00187,C-0018,P-100,2025-05-22,14,1102.75,15438.5,Q2
O-00188,C-0065,P-102,2025-01-02,10,843.29,8432.9,Q1
O-00189,C-0076,P-104,2025-12-04,16,165.43,2646.88,Q4
O-00190,C-0058,P-104,2025-09-05,12,137.45,1649.4,Q3
O-00191,C-0098,P-104,2025-07-13,15,168.97,2534.55,Q3
O-00192,C-0025,P-101,2025-10-20,13,352.7,4585.1,Q4
O-00193,C-0100,P-103,2025-01-23,11,265.16,2916.76,Q1
O-00194,C-0091,P-103,2025-07-17,5,243.34,1216.7,Q3
O-00195,C-0005,P-101,2025-09-15,19,366.48,6963.12,Q3
O-00196,C-0013,P-103,2025-02-21,17,279.66,4754.22,Q1
O-00197,C-0002,P-101,2025-07-29,5,330.48,1652.4,Q3
O-00198,C-0034,P-102,2025-11-16,13,821.95,10685.35,Q4
O-00199,C-0043,P-104,2025-07-14,11,152.91,1682.01,Q3
O-00200,C-0098,P-103,2025-10-05,2,254.03,508.06,Q4
O-00201,C-0031,P-102,2025-04-27,3,761.51,2284.53,Q2
O-00202,C-0013,P-100,2025-08-16,6,1251.48,7508.88,Q3
O-00203,C-0004,P-100,2025-06-16,2,1083.21,2166.42,Q2
O-00204,C-0048,P-103,2025-03-16,8,246.48,1971.84,Q1
O-00205,C-0073,P-101,2025-03-29,6,331.06,1986.36,Q1
O-00206,C-0049,P-104,2025-12-16,8,146.13,1169.04,Q4
O-00207,C-0075,P-101,2025-04-29,15,409.31,6139.65,Q2
O-00208,C-0059,P-102,2025-12-08,1,891.69,891.69,Q4
O-00209,C-0060,P-102,2025-12-13,18,684.23,12316.14,Q4
O-00210,C-0057,P-102,2025-10-28,10,818.9,8189.0,Q4
O-00211,C-0055,P-102,2025-08-22,10,695.78,6957.8,Q3
O-00212,C-0050,P-103,2025-02-24,8,233.37,1866.96,Q1
O-00213,C-0046,P-104,2025-06-01,10,121.15,1211.5,Q2
O-00214,C-0085,P-103,2025-05-21,1,249.52,249.52,Q2
O-00215,C-0088,P-100,2025-11-07,16,1309.79,20956.64,Q4
O-00216,C-0037,P-101,2025-11-07,12,350.66,4207.92,Q4
O-00217,C-0025,P-104,2025-05-09,5,152.98,764.9,Q2
O-00218,C-0081,P-100,2025-06-08,15,974.01,14610.15,Q2
O-00219,C-0047,P-101,2025-02-16,10,365.74,3657.4,Q1
O-00220,C-0054,P-101,2025-04-13,5,430.11,2150.55,Q2
O-00221,C-0047,P-104,2025-09-14,9,163.6,1472.4,Q3
O-00222,C-0033,P-103,2025-06-01,11,270.37,2974.07,Q2
O-00223,C-0060,P-100,2025-03-14,8,1321.26,10570.08,Q1
O-00224,C-0093,P-103,2025-10-13,12,207.9,2494.8,Q4
O-00225,C-0051,P-100,2025-05-16,18,1011.91,18214.38,Q2
O-00226,C-0048,P-102,2025-10-27,13,870.28,11313.64,Q4
O-00227,C-0048,P-100,2025-12-12,8,1158.02,9264.16,Q4
O-00228,C-0080,P-104,2025-06-17,20,131.62,2632.4,Q2
O-00229,C-0009,P-103,2025-12-25,10,256.81,2568.1,Q4
O-00230,C-0015,P-101,2025-01-24,2,362.61,725.22,Q1
O-00231,C-0064,P-100,2025-02-19,8,1332.65,10661.2,Q1
O-00232,C-0018,P-103,2025-08-21,12,258.67,3104.04,Q3
O-00233,C-0096,P-104,2025-08-03,19,158.97,3020.43,Q3
O-00234,C-0020,P-103,2025-12-02,4,272.95,1091.8,Q4
O-00235,C-0079,P-103,2025-05-24,2,260.4,520.8,Q2
O-00236,C-0028,P-103,2025-08-16,8,274.85,2198.8,Q3
O-00237,C-0013,P-102,2025-10-06,12,656.95,7883.4,Q4
O-00238,C-0036,P-101,2025-03-04,15,332.83,4992.45,Q1
O-00239,C-0028,P-104,2025-01-11,2,161.31,322.62,Q1
O-00240,C-0032,P-101,2025-10-17,7,329.61,2307.27,Q4
O-00241,C-0098,P-104,2025-04-17,19,131.34,2495.46,Q2
O-00242,C-0030,P-102,2025-03-17,20,640.79,12815.8,Q1
O-00243,C-0019,P-101,2025-10-04,9,431.79,3886.11,Q4
O-00244,C-0015,P-100,2025-03-09,1,1110.46,1110.46,Q1
O-00245,C-0031,P-104,2025-06-15,1,129.15,129.15,Q2
O-00246,C-0007,P-101,2025-08-04,17,335.91,5710.47,Q3
O-00247,C-0009,P-103,2025-08-18,12,244.91,2938.92,Q3
O-00248,C-0014,P-103,2025-09-15,8,282.72,2261.76,Q3
O-00249,C-0006,P-104,2025-06-04,15,153.78,2306.7,Q2
O-00250,C-0004,P-100,2025-09-03,13,1139.03,14807.39,Q3
O-00251,C-0014,P-103,2025-12-31,15,206.43,3096.45,Q4
O-00252,C-0011,P-102,2025-11-08,5,658.39,3291.95,Q4
O-00253,C-0036,P-104,2025-11-21,19,148.79,2827.01,Q4
O-00254,C-0042,P-103,2025-11-02,17,225.8,3838.6,Q4
O-00255,C-0065,P-104,2025-08-09,4,161.64,646.56,Q3
O-00256,C-0015,P-104,2025-04-21,14,143.71,2011.94,Q2
O-00257,C-0030,P-103,2025-06-23,15,234.89,3523.35,Q2
O-00258,C-0094,P-100,2025-06-10,14,1091.26,15277.64,Q2
O-00259,C-0033,P-102,2025-03-20,16,658.8,10540.8,Q1
O-00260,C-0011,P-100,2025-08-10,4,1272.73,5090.92,Q3
O-00261,C-0048,P-101,2025-10-12,2,402.11,804.22,Q4
O-00262,C-0072,P-104,2025-06-18,4,141.57,566.28,Q2
O-00263,C-0086,P-103,2025-01-27,10,252.54,2525.4,Q1
O-00264,C-0046,P-100,2025-10-23,17,1049.35,17838.95,Q4
O-00265,C-0085,P-103,2025-04-25,4,230.63,922.52,Q2
O-00266,C-0072,P-102,2025-02-28,9,800.75,7206.75,Q1
O-00267,C-0055,P-104,2025-11-15,20,155.44,3108.8,Q4
O-00268,C-0072,P-100,2025-11-08,9,972.16,8749.44,Q4
O-00269,C-0035,P-102,2025-06-23,12,641.71,7700.52,Q2
O-00270,C-0019,P-104,2025-12-03,13,123.65,1607.45,Q4
O-00271,C-0095,P-100,2025-02-16,17,1050.36,17856.12,Q1
O-00272,C-0054,P-103,2025-06-24,6,232.38,1394.28,Q2
O-00273,C-0093,P-102,2025-10-18,20,663.79,13275.8,Q4
O-00274,C-0007,P-101,2025-03-22,20,326.97,6539.4,Q1
O-00275,C-0011,P-102,2025-08-15,14,775.99,10863.86,Q3
O-00276,C-0057,P-103,2025-05-20,7,266.06,1862.42,Q2
O-00277,C-0015,P-102,2025-08-09,4,719.31,2877.24,Q3
O-00278,C-0087,P-104,2025-09-07,17,155.02,2635.34,Q3
O-00279,C-0006,P-101,2025-07-22,20,327.67,6553.4,Q3
O-00280,C-0027,P-102,2025-04-19,5,853.97,4269.85,Q2
O-00281,C-0038,P-102,2025-03-03,1,779.27,779.27,Q1
O-00282,C-0056,P-101,2025-03-08,13,394.56,5129.28,Q1
O-00283,C-0030,P-104,2025-10-14,12,123.78,1485.36,Q4
O-00284,C-0095,P-100,2025-08-12,1,1153.1,1153.1,Q3
O-00285,C-0010,P-102,2025-10-22,14,800.55,11207.7,Q4
O-00286,C-0091,P-103,2025-05-29,4,235.44,941.76,Q2
O-00287,C-0042,P-101,2025-11-13,15,436.48,6547.2,Q4
O-00288,C-0047,P-100,2025-08-12,4,1062.19,4248.76,Q3
O-00289,C-0076,P-103,2025-09-26,3,234.63,703.89,Q3
O-00290,C-0040,P-102,2025-04-24,11,858.15,9439.65,Q2
O-00291,C-0010,P-104,2025-11-21,4,147.86,591.44,Q4
O-00292,C-0025,P-102,2025-06-29,5,706.16,3530.8,Q2
O-00293,C-0019,P-102,2025-04-12,6,808.67,4852.02,Q2
O-00294,C-0098,P-100,2025-04-01,16,1154.86,18477.76,Q2
O-00295,C-0073,P-104,2025-08-18,19,153.76,2921.44,Q3
O-00296,C-0080,P-102,2025-11-18,11,682.27,7504.97,Q4
O-00297,C-0009,P-103,2025-08-15,10,269.68,2696.8,Q3
O-00298,C-0076,P-100,2025-06-30,17,991.16,16849.72,Q2
O-00299,C-0060,P-103,2025-01-20,2,232.26,464.52,Q1
O-00300,C-0037,P-100,2025-11-27,3,1218.3,3654.9,Q4
O-00301,C-0065,P-103,2025-08-25,19,248.5,4721.5,Q3
O-00302,C-0095,P-100,2025-08-19,19,1233.77,23441.63,Q3
O-00303,C-0042,P-104,2025-09-01,17,127.92,2174.64,Q3
O-00304,C-0008,P-103,2025-02-22,11,285.96,3145.56,Q1
O-00305,C-0011,P-104,2025-11-27,6,122.05,732.3,Q4
O-00306,C-0091,P-103,2025-08-13,17,245.74,4177.58,Q3
O-00307,C-0021,P-102,2025-07-10,10,748.48,7484.8,Q3
O-00308,C-0100,P-102,2025-12-14,20,654.66,13093.2,Q4
O-00309,C-0081,P-102,2025-02-03,11,666.46,7331.06,Q1
O-00310,C-0087,P-103,2025-05-26,9,263.33,2369.97,Q2
O-00311,C-0085,P-104,2025-03-18,11,124.28,1367.08,Q1
O-00312,C-0085,P-101,2025-06-29,10,455.48,4554.8,Q2
O-00313,C-0090,P-103,2025-03-08,20,262.02,5240.4,Q1
O-00314,C-0011,P-102,2025-10-14,13,820.18,10662.34,Q4
O-00315,C-0043,P-101,2025-12-10,17,333.08,5662.36,Q4
O-00316,C-0086,P-103,2025-09-18,12,201.6,2419.2,Q3
O-00317,C-0040,P-101,2025-04-20,11,452.67,4979.37,Q2
O-00318,C-0063,P-101,2025-04-26,5,341.69,1708.45,Q2
O-00319,C-0038,P-100,2025-09-17,18,1310.75,23593.5,Q3
O-00320,C-0068,P-100,2025-12-05,11,1328.08,14608.88,Q4
O-00321,C-0080,P-101,2025-11-02,13,341.6,4440.8,Q4
O-00322,C-0024,P-104,2025-03-26,15,122.29,1834.35,Q1
O-00323,C-0047,P-101,2025-08-16,20,359.89,7197.8,Q3
O-00324,C-0096,P-103,2025-04-30,18,220.93,3976.74,Q2
O-00325,C-0061,P-101,2025-07-08,19,457.82,8698.58,Q3
O-00326,C-0060,P-102,2025-07-15,17,787.69,13390.73,Q3
O-00327,C-0021,P-101,2025-11-06,5,442.22,2211.1,Q4
O-00328,C-0007,P-103,2025-07-10,18,281.75,5071.5,Q3
O-00329,C-0092,P-104,2025-03-05,10,124.4,1244.0,Q1
O-00330,C-0021,P-102,2025-08-19,17,681.26,11581.42,Q3
O-00331,C-0056,P-100,2025-04-24,15,1331.54,19973.1,Q2
O-00332,C-0004,P-103,2025-01-28,13,243.93,3171.09,Q1
O-00333,C-0031,P-103,2025-02-11,12,219.65,2635.8,Q1
O-00334,C-0041,P-100,2025-11-29,11,1292.38,14216.18,Q4
O-00335,C-0018,P-100,2025-05-27,16,1252.35,20037.6,Q2
O-00336,C-0018,P-103,2025-08-18,20,200.46,4009.2,Q3
O-00337,C-0011,P-100,2025-05-12,7,1310.68,9174.76,Q2
O-00338,C-0071,P-104,2025-09-28,14,125.84,1761.76,Q3
O-00339,C-0037,P-101,2025-06-04,4,326.68,1306.72,Q2
O-00340,C-0054,P-104,2025-08-23,3,125.82,377.46,Q3
O-00341,C-0064,P-104,2025-10-02,1,153.18,153.18,Q4
O-00342,C-0074,P-101,2025-03-15,10,380.09,3800.9,Q1
O-00343,C-0079,P-102,2025-05-04,19,756.64,14376.16,Q2
O-00344,C-0086,P-100,2025-09-26,12,988.43,11861.16,Q3
O-00345,C-0068,P-104,2025-09-17,17,149.09,2534.53,Q3
O-00346,C-0050,P-103,2025-01-23,13,285.84,3715.92,Q1
O-00347,C-0033,P-100,2025-07-02,3,1104.82,3314.46,Q3
O-00348,C-0094,P-100,2025-10-25,11,1016.03,11176.33,Q4
O-00349,C-0046,P-104,2025-06-23,6,163.6,981.6,Q2
O-00350,C-0088,P-103,2025-12-23,16,255.28,4084.48,Q4
O-00351,C-0018,P-100,2025-08-23,2,1083.25,2166.5,Q3
O-00352,C-0006,P-101,2025-01-22,11,450.67,4957.37,Q1
O-00353,C-0066,P-103,2025-10-06,16,222.16,3554.56,Q4
O-00354,C-0097,P-101,2025-05-27,12,440.7,5288.4,Q2
O-00355,C-0007,P-102,2025-05-20,4,863.82,3455.28,Q2
O-00356,C-0056,P-103,2025-08-14,13,229.67,2985.71,Q3
O-00357,C-0024,P-103,2025-12-21,16,232.14,3714.24,Q4
O-00358,C-0067,P-102,2025-02-12,14,662.1,9269.4,Q1
O-00359,C-0078,P-101,2025-10-07,10,364.97,3649.7,Q4
O-00360,C-0011,P-102,2025-12-05,10,725.82,7258.2,Q4
O-00361,C-0078,P-103,2025-03-27,15,230.76,3461.4,Q1
O-00362,C-0006,P-102,2025-11-11,14,716.88,10036.32,Q4
O-00363,C-0008,P-100,2025-12-10,13,1112.59,14463.67,Q4
O-00364,C-0096,P-101,2025-01-16,5,438.81,2194.05,Q1
O-00365,C-0087,P-103,2025-01-18,5,205.88,1029.4,Q1
O-00366,C-0100,P-102,2025-07-05,13,905.85,11776.05,Q3
O-00367,C-0005,P-104,2025-03-20,15,169.81,2547.15,Q1
O-00368,C-0048,P-103,2025-02-09,19,212.05,4028.95,Q1
O-00369,C-0047,P-103,2025-06-10,9,221.84,1996.56,Q2
O-00370,C-0015,P-100,2025-04-06,16,1177.45,18839.2,Q2
O-00371,C-0072,P-100,2025-05-15,9,1255.7,11301.3,Q2
O-00372,C-0028,P-104,2025-05-27,16,130.51,2088.16,Q2
O-00373,C-0018,P-100,2025-08-20,6,1337.45,8024.7,Q3
O-00374,C-0057,P-100,2025-12-16,11,1240.49,13645.39,Q4
O-00375,C-0091,P-100,2025-10-09,18,1081.95,19475.1,Q4
O-00376,C-0039,P-101,2025-12-31,6,431.12,2586.72,Q4
O-00377,C-0066,P-101,2025-03-04,7,430.89,3016.23,Q1
O-00378,C-0031,P-103,2025-01-14,12,248.48,2981.76,Q1
O-00379,C-0048,P-103,2025-10-10,5,253.55,1267.75,Q4
O-00380,C-0012,P-100,2025-06-08,13,1379.83,17937.79,Q2
O-00381,C-0093,P-103,2025-09-27,14,267.3,3742.2,Q3
O-00382,C-0074,P-100,2025-03-06,11,1229.78,13527.58,Q1
O-00383,C-0058,P-103,2025-12-15,17,230.15,3912.55,Q4
O-00384,C-0100,P-104,2025-11-24,19,129.55,2461.45,Q4
O-00385,C-0017,P-103,2025-09-15,2,272.75,545.5,Q3
O-00386,C-0067,P-101,2025-06-05,6,342.68,2056.08,Q2
O-00387,C-0091,P-101,2025-06-27,17,445.29,7569.93,Q2
O-00388,C-0011,P-102,2025-04-11,18,716.85,12903.3,Q2
O-00389,C-0081,P-102,2025-11-11,18,666.16,11990.88,Q4
O-00390,C-0083,P-101,2025-10-31,19,341.59,6490.21,Q4
O-00391,C-0085,P-104,2025-11-06,11,164.23,1806.53,Q4
O-00392,C-0073,P-100,2025-01-15,3,979.09,2937.27,Q1
O-00393,C-0083,P-104,2025-05-16,7,160.27,1121.89,Q2
O-00394,C-0054,P-104,2025-11-24,1,146.15,146.15,Q4
O-00395,C-0081,P-104,2025-05-29,10,145.35,1453.5,Q2
O-00396,C-0088,P-103,2025-06-02,15,206.39,3095.85,Q2
O-00397,C-0008,P-101,2025-08-14,14,387.8,5429.2,Q3
O-00398,C-0027,P-102,2025-11-07,5,727.52,3637.6,Q4
O-00399,C-0092,P-102,2025-06-26,13,676.61,8795.93,Q2
O-00400,C-0048,P-104,2025-10-15,4,136.75,547.0,Q4
O-00401,C-0060,P-100,2025-05-17,15,1064.13,15961.95,Q2
O-00402,C-0013,P-100,2025-05-29,13,1322.95,17198.35,Q2
O-00403,C-0054,P-101,2025-03-23,11,450.73,4958.03,Q1
O-00404,C-0093,P-102,2025-04-08,6,779.51,4677.06,Q2
O-00405,C-0066,P-103,2025-09-13,10,243.52,2435.2,Q3
O-00406,C-0012,P-103,2025-09-16,15,284.59,4268.85,Q3
O-00407,C-0028,P-104,2025-06-30,2,122.65,245.3,Q2
O-00408,C-0064,P-104,2025-12-01,16,135.0,2160.0,Q4
O-00409,C-0002,P-100,2025-08-09,5,1330.63,6653.15,Q3
O-00410,C-0094,P-102,2025-07-26,12,652.67,7832.04,Q3
O-00411,C-0007,P-104,2025-10-15,7,139.03,973.21,Q4
O-00412,C-0037,P-100,2025-07-17,17,1149.15,19535.55,Q3
O-00413,C-0071,P-102,2025-11-16,20,673.27,13465.4,Q4
O-00414,C-0013,P-103,2025-07-11,11,248.81,2736.91,Q3
O-00415,C-0047,P-101,2025-04-12,20,391.28,7825.6,Q2
O-00416,C-0065,P-100,2025-01-24,2,1017.56,2035.12,Q1
O-00417,C-0043,P-103,2025-09-23,15,213.03,3195.45,Q3
O-00418,C-0066,P-101,2025-06-17,20,364.59,7291.8,Q2
O-00419,C-0051,P-104,2025-06-03,19,137.66,2615.54,Q2
O-00420,C-0066,P-104,2025-09-08,19,135.74,2579.06,Q3
O-00421,C-0003,P-102,2025-06-19,4,914.37,3657.48,Q2
O-00422,C-0075,P-102,2025-12-19,1,807.13,807.13,Q4
O-00423,C-0034,P-104,2025-10-23,8,157.87,1262.96,Q4
O-00424,C-0075,P-103,2025-03-29,17,255.04,4335.68,Q1
O-00425,C-0080,P-103,2025-03-17,8,202.76,1622.08,Q1
O-00426,C-0090,P-100,2025-04-08,1,1145.24,1145.24,Q2
O-00427,C-0054,P-101,2025-07-31,7,377.45,2642.15,Q3
O-00428,C-0100,P-104,2025-08-30,2,157.05,314.1,Q3
O-00429,C-0067,P-101,2025-10-15,11,459.74,5057.14,Q4
O-00430,C-0062,P-104,2025-07-12,11,170.23,1872.53,Q3
O-00431,C-0059,P-104,2025-06-25,18,138.6,2494.8,Q2
O-00432,C-0099,P-102,2025-11-09,16,693.83,11101.28,Q4
O-00433,C-0032,P-102,2025-10-13,10,702.96,7029.6,Q4
O-00434,C-0039,P-102,2025-12-27,7,833.27,5832.89,Q4
O-00435,C-0063,P-102,2025-09-03,12,796.94,9563.28,Q3
O-00436,C-0093,P-102,2025-05-28,4,800.57,3202.28,Q2
O-00437,C-0070,P-103,2025-07-22,12,283.53,3402.36,Q3
O-00438,C-0019,P-102,2025-01-22,10,907.49,9074.9,Q1
O-00439,C-0011,P-102,2025-08-15,9,849.25,7643.25,Q3
O-00440,C-0028,P-101,2025-10-03,9,450.62,4055.58,Q4
O-00441,C-0090,P-102,2025-03-12,4,812.39,3249.56,Q1
O-00442,C-0076,P-101,2025-05-05,2,413.78,827.56,Q2
O-00443,C-0068,P-101,2025-11-23,8,327.35,2618.8,Q4
O-00444,C-0053,P-102,2025-08-30,4,830.73,3322.92,Q3
O-00445,C-0018,P-100,2025-10-09,6,1130.9,6785.4,Q4
O-00446,C-0061,P-103,2025-11-30,7,266.14,1862.98,Q4
O-00447,C-0037,P-102,2025-05-27,2,894.22,1788.44,Q2
O-00448,C-0012,P-104,2025-04-29,18,158.78,2858.04,Q2
O-00449,C-0005,P-101,2025-08-02,6,450.75,2704.5,Q3
O-00450,C-0005,P-103,2025-09-11,6,281.95,1691.7,Q3
O-00451,C-0038,P-100,2025-01-05,10,1198.54,11985.4,Q1
O-00452,C-0014,P-102,2025-05-26,15,916.95,13754.25,Q2
O-00453,C-0070,P-104,2025-09-10,5,164.68,823.4,Q3
O-00454,C-0060,P-102,2025-04-09,4,732.59,2930.36,Q2
O-00455,C-0094,P-103,2025-11-28,9,262.88,2365.92,Q4
O-00456,C-0002,P-102,2025-06-01,19,828.83,15747.77,Q2
O-00457,C-0025,P-101,2025-11-09,13,435.78,5665.14,Q4
O-00458,C-0066,P-102,2025-02-14,13,827.39,10756.07,Q1
O-00459,C-0024,P-101,2025-09-02,11,451.02,4961.22,Q3
O-00460,C-0001,P-102,2025-07-16,8,765.09,6120.72,Q3
O-00461,C-0035,P-102,2025-06-04,19,842.41,16005.79,Q2
O-00462,C-0002,P-102,2025-12-01,12,833.98,10007.76,Q4
O-00463,C-0008,P-100,2025-08-27,10,1027.08,10270.8,Q3
O-00464,C-0088,P-104,2025-12-27,10,156.24,1562.4,Q4
O-00465,C-0082,P-102,2025-07-08,20,701.84,14036.8,Q3
O-00466,C-0018,P-103,2025-03-20,15,265.43,3981.45,Q1
O-00467,C-0078,P-102,2025-08-01,18,895.58,16120.44,Q3
O-00468,C-0097,P-104,2025-12-07,7,160.0,1120.0,Q4
O-00469,C-0088,P-104,2025-02-11,17,143.45,2438.65,Q1
O-00470,C-0091,P-102,2025-02-09,19,671.42,12756.98,Q1
O-00471,C-0071,P-104,2025-04-14,19,148.17,2815.23,Q2
O-00472,C-0022,P-102,2025-09-24,15,672.55,10088.25,Q3
O-00473,C-0027,P-104,2025-09-08,3,167.19,501.57,Q3
O-00474,C-0058,P-100,2025-08-21,5,1175.56,5877.8,Q3
O-00475,C-0059,P-104,2025-01-30,18,144.27,2596.86,Q1
O-00476,C-0040,P-100,2025-07-22,9,1302.91,11726.19,Q3
O-00477,C-0096,P-101,2025-10-24,3,326.34,979.02,Q4
O-00478,C-0045,P-100,2025-10-05,2,1352.52,2705.04,Q4
O-00479,C-0009,P-103,2025-01-17,10,235.78,2357.8,Q1
O-00480,C-0099,P-101,2025-11-25,14,372.42,5213.88,Q4
O-00481,C-0049,P-103,2025-07-13,13,207.02,2691.26,Q3
O-00482,C-0085,P-104,2025-03-10,12,126.23,1514.76,Q1
O-00483,C-0069,P-103,2025-09-28,5,263.69,1318.45,Q3
O-00484,C-0029,P-100,2025-01-12,10,1154.46,11544.6,Q1
O-00485,C-0093,P-104,2025-08-06,18,139.91,2518.38,Q3
O-00486,C-0030,P-101,2025-08-24,12,341.72,4100.64,Q3
O-00487,C-0025,P-100,2025-01-17,14,1218.27,17055.78,Q1
O-00488,C-0003,P-101,2025-04-16,3,334.13,1002.39,Q2
O-00489,C-0005,P-103,2025-11-03,2,221.41,442.82,Q4
O-00490,C-0006,P-103,2025-08-13,8,247.23,1977.84,Q3
O-00491,C-0097,P-100,2025-03-13,17,1377.26,23413.42,Q1
O-00492,C-0030,P-104,2025-06-13,19,151.39,2876.41,Q2
O-00493,C-0087,P-102,2025-05-02,10,885.35,8853.5,Q2
O-00494,C-0085,P-104,2025-04-24,14,135.78,1900.92,Q2
O-00495,C-0008,P-104,2025-10-30,6,152.86,917.16,Q4
O-00496,C-0055,P-104,2025-09-11,2,171.05,342.1,Q3
O-00497,C-0083,P-103,2025-09-26,11,260.93,2870.23,Q3
O-00498,C-0053,P-101,2025-06-03,13,345.74,4494.62,Q2
O-00499,C-0069,P-103,2025-05-04,8,226.31,1810.48,Q2
O-00500,C-0091,P-101,2025-08-26,2,398.73,797.46,Q3
O-00501,C-0054,P-104,2025-09-29,5,140.39,701.95,Q3
O-00502,C-0033,P-101,2025-06-19,3,449.11,1347.33,Q2
O-00503,C-0048,P-100,2025-10-02,7,981.65,6871.55,Q4
O-00504,C-0049,P-104,2025-11-05,2,165.87,331.74,Q4
O-00505,C-0025,P-104,2025-12-10,18,131.39,2365.02,Q4
O-00506,C-0027,P-102,2025-06-05,1,699.31,699.31,Q2
O-00507,C-0025,P-100,2025-09-03,8,1252.16,10017.28,Q3
O-00508,C-0091,P-101,2025-07-23,8,397.29,3178.32,Q3
O-00509,C-0100,P-102,2025-07-14,15,789.42,11841.3,Q3
O-00510,C-0046,P-102,2025-05-14,12,783.59,9403.08,Q2
O-00511,C-0064,P-103,2025-02-20,16,266.64,4266.24,Q1
O-00512,C-0041,P-101,2025-07-09,11,377.95,4157.45,Q3
O-00513,C-0073,P-101,2025-03-16,1,356.51,356.51,Q1
O-00514,C-0075,P-104,2025-08-02,10,128.0,1280.0,Q3
O-00515,C-0043,P-101,2025-07-14,19,436.67,8296.73,Q3
O-00516,C-0064,P-104,2025-12-02,11,133.51,1468.61,Q4
O-00517,C-0063,P-103,2025-08-24,6,264.12,1584.72,Q3
O-00518,C-0046,P-101,2025-03-13,18,388.36,6990.48,Q1
O-00519,C-0070,P-100,2025-09-26,2,1312.41,2624.82,Q3
O-00520,C-0010,P-100,2025-01-04,14,1017.75,14248.5,Q1
O-00521,C-0081,P-101,2025-02-04,5,321.28,1606.4,Q1
O-00522,C-0065,P-103,2025-07-11,2,254.06,508.12,Q3
O-00523,C-0086,P-104,2025-09-05,16,120.83,1933.28,Q3
O-00524,C-0069,P-104,2025-07-30,1,120.88,120.88,Q3
O-00525,C-0093,P-102,2025-10-02,10,644.8,6448.0,Q4
O-00526,C-0090,P-103,2025-04-02,4,280.33,1121.32,Q2
O-00527,C-0068,P-101,2025-05-04,7,406.77,2847.39,Q2
O-00528,C-0033,P-102,2025-05-17,13,662.13,8607.69,Q2
O-00529,C-0052,P-103,2025-10-17,8,286.65,2293.2,Q4
O-00530,C-0029,P-102,2025-12-17,3,823.05,2469.15,Q4
O-00531,C-0084,P-100,2025-02-17,13,1119.29,14550.77,Q1
O-00532,C-0071,P-103,2025-01-29,1,261.5,261.5,Q1
O-00533,C-0011,P-103,2025-08-11,11,249.51,2744.61,Q3
O-00534,C-0013,P-104,2025-01-22,8,131.1,1048.8,Q1
O-00535,C-0089,P-104,2025-09-01,9,122.44,1101.96,Q3
O-00536,C-0010,P-102,2025-10-06,19,824.27,15661.13,Q4
O-00537,C-0023,P-102,2025-01-09,7,804.37,5630.59,Q1
O-00538,C-0097,P-103,2025-02-09,10,214.21,2142.1,Q1
O-00539,C-0031,P-104,2025-07-19,18,137.42,2473.56,Q3
O-00540,C-0097,P-101,2025-12-19,3,390.11,1170.33,Q4
O-00541,C-0045,P-100,2025-02-20,14,1057.5,14805.0,Q1
O-00542,C-0010,P-102,2025-11-06,20,907.36,18147.2,Q4
O-00543,C-0051,P-102,2025-01-16,9,859.39,7734.51,Q1
O-00544,C-0058,P-103,2025-04-27,12,248.39,2980.68,Q2
O-00545,C-0049,P-103,2025-04-06,19,257.81,4898.39,Q2
O-00546,C-0011,P-104,2025-06-01,8,157.44,1259.52,Q2
O-00547,C-0011,P-102,2025-03-20,13,839.27,10910.51,Q1
O-00548,C-0082,P-101,2025-07-19,11,370.5,4075.5,Q3
O-00549,C-0012,P-100,2025-06-07,15,1111.17,16667.55,Q2
O-00550,C-0035,P-100,2025-03-09,3,1038.7,3116.1,Q1
O-00551,C-0058,P-104,2025-10-12,17,141.42,2404.14,Q4
O-00552,C-0004,P-100,2025-07-01,18,999.09,17983.62,Q3
O-00553,C-0077,P-102,2025-07-17,1,721.72,721.72,Q3
O-00554,C-0050,P-100,2025-10-14,8,1200.22,9601.76,Q4
O-00555,C-0022,P-103,2025-03-28,5,223.53,1117.65,Q1
O-00556,C-0035,P-103,2025-03-16,3,214.63,643.89,Q1
O-00557,C-0036,P-103,2025-06-03,16,268.48,4295.68,Q2
O-00558,C-0047,P-102,2025-05-07,16,806.27,12900.32,Q2
O-00559,C-0026,P-103,2025-02-24,5,226.66,1133.3,Q1
O-00560,C-0051,P-102,2025-11-14,13,865.14,11246.82,Q4
O-00561,C-0043,P-103,2025-06-21,14,271.35,3798.9,Q2
O-00562,C-0084,P-104,2025-03-11,10,136.83,1368.3,Q1
O-00563,C-0089,P-101,2025-09-03,11,344.87,3793.57,Q3
O-00564,C-0051,P-102,2025-05-30,16,910.97,14575.52,Q2
O-00565,C-0032,P-102,2025-07-12,9,868.62,7817.58,Q3
O-00566,C-0051,P-102,2025-02-28,19,695.94,13222.86,Q1
O-00567,C-0070,P-101,2025-12-16,18,323.77,5827.86,Q4
O-00568,C-0094,P-103,2025-12-29,7,238.36,1668.52,Q4
O-00569,C-0038,P-100,2025-07-29,16,1018.46,16295.36,Q3
O-00570,C-0039,P-101,2025-05-10,5,420.13,2100.65,Q2
O-00571,C-0049,P-100,2025-08-18,20,1161.28,23225.6,Q3
O-00572,C-0052,P-104,2025-09-17,14,148.54,2079.56,Q3
O-00573,C-0047,P-104,2025-11-01,3,125.74,377.22,Q4
O-00574,C-0032,P-102,2025-03-27,20,652.4,13048.0,Q1
O-00575,C-0083,P-103,2025-06-19,14,209.27,2929.78,Q2
O-00576,C-0013,P-102,2025-04-24,17,849.12,14435.04,Q2
O-00577,C-0072,P-104,2025-12-19,19,131.6,2500.4,Q4
O-00578,C-0048,P-103,2025-08-26,19,260.41,4947.79,Q3
O-00579,C-0020,P-102,2025-01-13,16,669.27,10708.32,Q1
O-00580,C-0054,P-100,2025-03-01,5,1106.3,5531.5,Q1
O-00581,C-0044,P-103,2025-04-16,17,242.26,4118.42,Q2
O-00582,C-0061,P-100,2025-08-13,15,1093.94,16409.1,Q3
O-00583,C-0039,P-100,2025-12-30,4,969.49,3877.96,Q4
O-00584,C-0044,P-100,2025-12-13,6,1350.57,8103.42,Q4
O-00585,C-0095,P-101,2025-09-22,6,397.27,2383.62,Q3
O-00586,C-0043,P-104,2025-08-07,15,132.17,1982.55,Q3
O-00587,C-0052,P-101,2025-04-06,14,375.38,5255.32,Q2
O-00588,C-0095,P-104,2025-04-12,15,151.09,2266.35,Q2
O-00589,C-0050,P-100,2025-12-27,7,1046.43,7325.01,Q4
O-00590,C-0097,P-100,2025-10-23,4,1295.79,5183.16,Q4
O-00591,C-0069,P-101,2025-07-07,11,347.59,3823.49,Q3
O-00592,C-0015,P-102,2025-12-10,16,787.76,12604.16,Q4
O-00593,C-0082,P-102,2025-11-02,13,811.17,10545.21,Q4
O-00594,C-0076,P-100,2025-06-28,12,1315.12,15781.44,Q2
O-00595,C-0080,P-101,2025-12-11,10,448.62,4486.2,Q4
O-00596,C-0076,P-100,2025-12-11,5,1091.54,5457.7,Q4
O-00597,C-0031,P-102,2025-03-01,6,744.53,4467.18,Q1
O-00598,C-0019,P-104,2025-07-18,14,151.31,2118.34,Q3
O-00599,C-0074,P-103,2025-08-05,6,242.58,1455.48,Q3
O-00600,C-0069,P-101,2025-10-12,6,388.55,2331.3,Q4
O-00601,C-0018,P-101,2025-06-11,15,406.72,6100.8,Q2
O-00602,C-0046,P-100,2025-09-06,5,1041.95,5209.75,Q3
O-00603,C-0050,P-104,2025-09-16,16,141.48,2263.68,Q3
O-00604,C-0063,P-103,2025-12-30,15,242.76,3641.4,Q4
O-00605,C-0011,P-104,2025-01-16,8,135.33,1082.64,Q1
O-00606,C-0036,P-101,2025-10-03,10,343.55,3435.5,Q4
O-00607,C-0059,P-104,2025-09-11,18,146.82,2642.76,Q3
O-00608,C-0074,P-100,2025-05-18,18,1305.78,23504.04,Q2
O-00609,C-0047,P-104,2025-01-22,15,148.68,2230.2,Q1
O-00610,C-0055,P-100,2025-12-01,8,1085.04,8680.32,Q4
O-00611,C-0005,P-103,2025-05-15,12,275.44,3305.28,Q2
O-00612,C-0012,P-103,2025-03-02,8,218.36,1746.88,Q1
O-00613,C-0095,P-104,2025-12-19,12,165.21,1982.52,Q4
O-00614,C-0079,P-103,2025-03-26,20,212.18,4243.6,Q1
O-00615,C-0027,P-101,2025-01-31,19,369.11,7013.09,Q1
O-00616,C-0036,P-104,2025-10-03,6,136.99,821.94,Q4
O-00617,C-0091,P-102,2025-05-29,19,714.86,13582.34,Q2
O-00618,C-0066,P-100,2025-03-11,14,1345.88,18842.32,Q1
O-00619,C-0036,P-101,2025-12-26,5,354.95,1774.75,Q4
O-00620,C-0092,P-102,2025-05-07,13,777.05,10101.65,Q2
O-00621,C-0074,P-102,2025-11-18,14,745.05,10430.7,Q4
O-00622,C-0010,P-100,2025-07-26,17,1274.92,21673.64,Q3
O-00623,C-0089,P-102,2025-08-21,16,731.64,11706.24,Q3
O-00624,C-0001,P-100,2025-08-23,12,1317.04,15804.48,Q3
O-00625,C-0069,P-103,2025-04-22,14,272.17,3810.38,Q2
O-00626,C-0064,P-102,2025-06-15,10,734.57,7345.7,Q2
O-00627,C-0074,P-101,2025-10-17,16,430.36,6885.76,Q4
O-00628,C-0088,P-100,2025-01-24,4,1223.0,4892.0,Q1
O-00629,C-0059,P-100,2025-03-05,6,1145.34,6872.04,Q1
O-00630,C-0001,P-103,2025-04-14,5,277.19,1385.95,Q2
O-00631,C-0039,P-101,2025-05-21,3,411.64,1234.92,Q2
O-00632,C-0033,P-100,2025-07-10,6,981.75,5890.5,Q3
O-00633,C-0081,P-102,2025-12-25,8,760.18,6081.44,Q4
O-00634,C-0012,P-100,2025-01-01,7,1160.26,8121.82,Q1
O-00635,C-0017,P-104,2025-04-26,17,155.7,2646.9,Q2
O-00636,C-0002,P-100,2025-12-23,11,1303.19,14335.09,Q4
O-00637,C-0055,P-101,2025-09-02,3,352.05,1056.15,Q3
O-00638,C-0012,P-100,2025-02-22,11,1114.38,12258.18,Q1
O-00639,C-0039,P-101,2025-07-15,5,409.82,2049.1,Q3
O-00640,C-0087,P-101,2025-02-05,17,398.86,6780.62,Q1
O-00641,C-0079,P-101,2025-08-14,12,421.14,5053.68,Q3
O-00642,C-0081,P-101,2025-07-30,20,416.12,8322.4,Q3
O-00643,C-0028,P-100,2025-02-21,5,1276.03,6380.15,Q1
O-00644,C-0076,P-103,2025-06-29,14,227.52,3185.28,Q2
O-00645,C-0018,P-101,2025-05-22,3,354.74,1064.22,Q2
O-00646,C-0077,P-104,2025-11-08,10,160.9,1609.0,Q4
O-00647,C-0089,P-100,2025-12-04,10,1046.29,10462.9,Q4
O-00648,C-0078,P-104,2025-04-07,13,135.52,1761.76,Q2
O-00649,C-0007,P-101,2025-09-11,13,335.78,4365.14,Q3
O-00650,C-0064,P-104,2025-02-06,17,166.66,2833.22,Q1
O-00651,C-0002,P-102,2025-06-12,5,748.31,3741.55,Q2
O-00652,C-0073,P-103,2025-07-07,18,259.76,4675.68,Q3
O-00653,C-0098,P-103,2025-02-07,1,251.39,251.39,Q1
O-00654,C-0002,P-102,2025-04-21,2,898.32,1796.64,Q2
O-00655,C-0051,P-104,2025-05-27,17,160.27,2724.59,Q2
O-00656,C-0055,P-103,2025-02-12,18,247.04,4446.72,Q1
O-00657,C-0020,P-102,2025-02-12,10,662.13,6621.3,Q1
O-00658,C-0027,P-101,2025-10-02,11,374.7,4121.7,Q4
O-00659,C-0082,P-100,2025-06-08,14,1266.58,17732.12,Q2
O-00660,C-0031,P-100,2025-05-06,3,1348.34,4045.02,Q2
O-00661,C-0015,P-103,2025-11-10,20,204.82,4096.4,Q4
O-00662,C-0086,P-101,2025-03-03,1,419.11,419.11,Q1
O-00663,C-0090,P-100,2025-03-25,16,1360.27,21764.32,Q1
O-00664,C-0067,P-104,2025-05-13,6,139.52,837.12,Q2
O-00665,C-0096,P-102,2025-03-02,1,733.8,733.8,Q1
O-00666,C-0055,P-102,2025-09-26,3,713.63,2140.89,Q3
O-00667,C-0074,P-100,2025-09-12,15,1174.53,17617.95,Q3
O-00668,C-0008,P-103,2025-10-18,6,232.17,1393.02,Q4
O-00669,C-0033,P-100,2025-10-21,4,1055.93,4223.72,Q4
O-00670,C-0066,P-100,2025-01-23,1,1062.71,1062.71,Q1
O-00671,C-0061,P-102,2025-07-16,5,690.11,3450.55,Q3
O-00672,C-0005,P-104,2025-12-02,14,131.79,1845.06,Q4
O-00673,C-0032,P-103,2025-06-13,9,272.27,2450.43,Q2
O-00674,C-0074,P-102,2025-03-03,17,828.53,14085.01,Q1
O-00675,C-0007,P-101,2025-04-25,17,457.4,7775.8,Q2
O-00676,C-0052,P-100,2025-08-27,10,1284.88,12848.8,Q3
O-00677,C-0040,P-102,2025-02-14,18,767.89,13822.02,Q1
O-00678,C-0048,P-101,2025-05-30,19,429.83,8166.77,Q2
O-00679,C-0095,P-104,2025-05-05,15,139.33,2089.95,Q2
O-00680,C-0064,P-101,2025-10-07,8,341.08,2728.64,Q4
O-00681,C-0053,P-100,2025-04-30,18,1105.5,19899.0,Q2
O-00682,C-0089,P-100,2025-06-21,1,1278.75,1278.75,Q2
O-00683,C-0049,P-102,2025-02-23,7,788.35,5518.45,Q1
O-00684,C-0031,P-103,2025-09-09,2,285.1,570.2,Q3
O-00685,C-0019,P-102,2025-02-17,2,897.96,1795.92,Q1
O-00686,C-0067,P-103,2025-12-25,12,240.12,2881.44,Q4
O-00687,C-0096,P-100,2025-10-25,4,1172.28,4689.12,Q4
O-00688,C-0082,P-103,2025-02-08,19,249.68,4743.92,Q1
O-00689,C-0056,P-101,2025-05-02,10,356.54,3565.4,Q2
O-00690,C-0041,P-103,2025-12-25,11,227.83,2506.13,Q4
O-00691,C-0035,P-101,2025-02-08,7,339.06,2373.42,Q1
O-00692,C-0099,P-104,2025-02-25,5,125.55,627.75,Q1
O-00693,C-0058,P-103,2025-06-10,14,210.56,2947.84,Q2
O-00694,C-0046,P-101,2025-08-20,10,384.87,3848.7,Q3
O-00695,C-0016,P-100,2025-03-22,10,1307.08,13070.8,Q1
O-00696,C-0090,P-104,2025-01-21,7,163.89,1147.23,Q1
O-00697,C-0042,P-101,2025-02-16,8,455.58,3644.64,Q1
O-00698,C-0051,P-104,2025-01-26,10,133.66,1336.6,Q1
O-00699,C-0023,P-100,2025-07-27,15,1193.5,17902.5,Q3
O-00700,C-0071,P-101,2025-02-18,15,334.27,5014.05,Q1
O-00701,C-0018,P-100,2025-01-07,2,1308.76,2617.52,Q1
O-00702,C-0029,P-101,2025-04-12,13,372.11,4837.43,Q2
O-00703,C-0081,P-100,2025-10-26,19,1068.7,20305.3,Q4
O-00704,C-0010,P-100,2025-02-03,7,1339.05,9373.35,Q1
O-00705,C-0057,P-101,2025-02-17,11,337.15,3708.65,Q1
O-00706,C-0060,P-100,2025-03-28,19,1141.93,21696.67,Q1
O-00707,C-0093,P-103,2025-09-12,1,233.49,233.49,Q3
O-00708,C-0055,P-101,2025-07-01,7,447.16,3130.12,Q3
O-00709,C-0036,P-102,2025-08-17,5,649.7,3248.5,Q3
O-00710,C-0080,P-104,2025-05-06,10,146.19,1461.9,Q2
O-00711,C-0071,P-103,2025-02-01,3,224.48,673.44,Q1
O-00712,C-0018,P-103,2025-04-13,17,221.8,3770.6,Q2
O-00713,C-0070,P-100,2025-07-15,12,1161.47,13937.64,Q3
O-00714,C-0063,P-102,2025-10-17,17,730.05,12410.85,Q4
O-00715,C-0035,P-101,2025-01-14,11,403.6,4439.6,Q1
O-00716,C-0004,P-102,2025-01-30,16,788.24,12611.84,Q1
O-00717,C-0099,P-104,2025-04-30,6,125.26,751.56,Q2
O-00718,C-0085,P-101,2025-05-17,18,434.28,7817.04,Q2
O-00719,C-0095,P-100,2025-04-23,19,1315.53,24995.07,Q2
O-00720,C-0050,P-102,2025-03-30,6,706.23,4237.38,Q1
O-00721,C-0041,P-102,2025-10-30,1,836.97,836.97,Q4
O-00722,C-0046,P-104,2025-10-16,5,149.56,747.8,Q4
O-00723,C-0025,P-103,2025-10-05,10,215.36,2153.6,Q4
O-00724,C-0005,P-100,2025-01-29,8,1212.7,9701.6,Q1
O-00725,C-0003,P-104,2025-09-02,1,137.42,137.42,Q3
O-00726,C-0079,P-101,2025-03-08,11,420.37,4624.07,Q1
O-00727,C-0042,P-100,2025-01-12,5,1206.38,6031.9,Q1
O-00728,C-0019,P-100,2025-09-27,12,1363.43,16361.16,Q3
O-00729,C-0048,P-103,2025-10-28,4,229.45,917.8,Q4
O-00730,C-0042,P-101,2025-03-22,14,430.86,6032.04,Q1
O-00731,C-0063,P-102,2025-03-31,18,834.2,15015.6,Q1
O-00732,C-0079,P-102,2025-04-25,19,868.05,16492.95,Q2
O-00733,C-0049,P-102,2025-12-19,10,675.66,6756.6,Q4
O-00734,C-0094,P-100,2025-12-26,19,1124.47,21364.93,Q4
O-00735,C-0099,P-104,2025-01-17,6,151.63,909.78,Q1
O-00736,C-0079,P-101,2025-11-24,19,334.58,6357.02,Q4
O-00737,C-0064,P-101,2025-06-19,3,353.32,1059.96,Q2
O-00738,C-0041,P-101,2025-11-22,3,435.03,1305.09,Q4
O-00739,C-0086,P-102,2025-08-17,1,714.26,714.26,Q3
O-00740,C-0032,P-100,2025-06-29,9,1290.55,11614.95,Q2
O-00741,C-0093,P-100,2025-01-25,13,1144.05,14872.65,Q1
O-00742,C-0054,P-101,2025-07-31,16,443.45,7095.2,Q3
O-00743,C-0045,P-104,2025-07-12,4,163.51,654.04,Q3
O-00744,C-0074,P-101,2025-03-25,15,330.32,4954.8,Q1
O-00745,C-0005,P-102,2025-01-11,11,713.12,7844.32,Q1
O-00746,C-0014,P-100,2025-06-25,6,1332.93,7997.58,Q2
O-00747,C-0021,P-100,2025-10-08,3,1101.94,3305.82,Q4
O-00748,C-0079,P-103,2025-12-27,1,237.74,237.74,Q4
O-00749,C-0084,P-101,2025-11-07,14,341.99,4787.86,Q4
O-00750,C-0013,P-102,2025-04-16,7,754.6,5282.2,Q2
O-00751,C-0071,P-104,2025-05-16,10,135.61,1356.1,Q2
O-00752,C-0013,P-100,2025-07-21,19,1190.86,22626.34,Q3
O-00753,C-0063,P-101,2025-01-28,12,320.53,3846.36,Q1
O-00754,C-0012,P-102,2025-12-05,20,774.49,15489.8,Q4
O-00755,C-0013,P-100,2025-04-16,6,1228.04,7368.24,Q2
O-00756,C-0011,P-103,2025-03-01,10,268.68,2686.8,Q1
O-00757,C-0061,P-103,2025-12-05,9,207.97,1871.73,Q4
O-00758,C-0070,P-103,2025-04-05,12,277.48,3329.76,Q2
O-00759,C-0048,P-101,2025-08-17,2,356.86,713.72,Q3
O-00760,C-0060,P-102,2025-04-26,9,797.99,7181.91,Q2
O-00761,C-0020,P-100,2025-02-13,12,1299.44,15593.28,Q1
O-00762,C-0053,P-104,2025-04-27,18,123.2,2217.6,Q2
O-00763,C-0050,P-104,2025-08-03,18,156.07,2809.26,Q3
O-00764,C-0061,P-104,2025-05-01,16,135.69,2171.04,Q2
O-00765,C-0051,P-100,2025-09-15,19,1338.19,25425.61,Q3
O-00766,C-0074,P-104,2025-03-17,4,169.84,679.36,Q1
O-00767,C-0058,P-101,2025-03-27,7,433.18,3032.26,Q1
O-00768,C-0017,P-100,2025-08-05,3,1375.08,4125.24,Q3
O-00769,C-0056,P-101,2025-11-18,5,436.78,2183.9,Q4
O-00770,C-0034,P-102,2025-02-04,3,748.67,2246.01,Q1
O-00771,C-0051,P-104,2025-06-16,9,147.28,1325.52,Q2
O-00772,C-0002,P-104,2025-10-28,17,161.04,2737.68,Q4
O-00773,C-0015,P-103,2025-03-18,5,249.58,1247.9,Q1
O-00774,C-0075,P-100,2025-02-24,19,1287.41,24460.79,Q1
O-00775,C-0037,P-104,2025-06-26,14,133.87,1874.18,Q2
O-00776,C-0084,P-103,2025-10-20,20,241.39,4827.8,Q4
O-00777,C-0023,P-102,2025-07-26,5,813.11,4065.55,Q3
O-00778,C-0088,P-103,2025-01-20,13,277.84,3611.92,Q1
O-00779,C-0043,P-101,2025-01-26,16,448.92,7182.72,Q1
O-00780,C-0048,P-100,2025-06-22,10,1090.6,10906.0,Q2
O-00781,C-0063,P-100,2025-04-27,5,1086.2,5431.0,Q2
O-00782,C-0096,P-103,2025-06-14,9,263.77,2373.93,Q2
O-00783,C-0078,P-100,2025-04-07,15,1048.78,15731.7,Q2
O-00784,C-0053,P-103,2025-09-22,12,271.84,3262.08,Q3
O-00785,C-0066,P-101,2025-02-03,10,419.34,4193.4,Q1
O-00786,C-0052,P-101,2025-09-26,19,324.05,6156.95,Q3
O-00787,C-0025,P-101,2025-01-30,8,324.63,2597.04,Q1
O-00788,C-0007,P-102,2025-12-27,7,716.71,5016.97,Q4
O-00789,C-0060,P-104,2025-07-23,4,155.76,623.04,Q3
O-00790,C-0031,P-102,2025-09-08,20,764.91,15298.2,Q3
O-00791,C-0061,P-104,2025-10-10,12,138.07,1656.84,Q4
O-00792,C-0034,P-100,2025-05-26,1,1122.36,1122.36,Q2
O-00793,C-0021,P-104,2025-04-20,8,153.99,1231.92,Q2
O-00794,C-0087,P-101,2025-05-18,14,391.86,5486.04,Q2
O-00795,C-0100,P-100,2025-08-31,5,1231.9,6159.5,Q3
O-00796,C-0077,P-100,2025-04-25,9,1215.5,10939.5,Q2
O-00797,C-0040,P-102,2025-08-05,13,878.44,11419.72,Q3
O-00798,C-0059,P-102,2025-04-22,15,724.6,10869.0,Q2
O-00799,C-0067,P-104,2025-07-23,19,125.37,2382.03,Q3
O-00800,C-0066,P-102,2025-10-15,20,810.53,16210.6,Q4
O-00801,C-0039,P-100,2025-09-04,3,1101.24,3303.72,Q3
O-00802,C-0036,P-102,2025-05-22,9,823.71,7413.39,Q2
O-00803,C-0084,P-102,2025-04-07,5,784.84,3924.2,Q2
O-00804,C-0031,P-100,2025-11-04,13,1237.42,16086.46,Q4
O-00805,C-0088,P-101,2025-01-14,16,459.65,7354.4,Q1
O-00806,C-0034,P-103,2025-07-27,13,264.46,3437.98,Q3
O-00807,C-0075,P-104,2025-04-08,11,158.14,1739.54,Q2
O-00808,C-0029,P-104,2025-11-23,16,167.59,2681.44,Q4
O-00809,C-0086,P-102,2025-09-17,10,876.72,8767.2,Q3
O-00810,C-0085,P-104,2025-04-03,10,125.12,1251.2,Q2
O-00811,C-0017,P-102,2025-10-14,6,905.14,5430.84,Q4
O-00812,C-0043,P-100,2025-04-24,12,1053.8,12645.6,Q2
O-00813,C-0040,P-103,2025-06-19,12,222.8,2673.6,Q2
O-00814,C-0038,P-103,2025-03-02,16,204.7,3275.2,Q1
O-00815,C-0082,P-104,2025-10-25,20,123.74,2474.8,Q4
O-00816,C-0025,P-104,2025-03-03,13,147.82,1921.66,Q1
O-00817,C-0053,P-100,2025-03-19,5,1376.79,6883.95,Q1
O-00818,C-0044,P-103,2025-10-19,15,212.53,3187.95,Q4
O-00819,C-0092,P-101,2025-02-11,16,366.57,5865.12,Q1
O-00820,C-0023,P-102,2025-11-21,2,641.32,1282.64,Q4
O-00821,C-0036,P-101,2025-03-28,19,427.03,8113.57,Q1
O-00822,C-0063,P-100,2025-03-08,20,1142.16,22843.2,Q1
O-00823,C-0055,P-103,2025-08-08,16,233.54,3736.64,Q3
O-00824,C-0005,P-104,2025-04-13,12,169.88,2038.56,Q2
O-00825,C-0042,P-104,2025-04-08,1,155.53,155.53,Q2
O-00826,C-0081,P-101,2025-04-26,12,363.69,4364.28,Q2
O-00827,C-0014,P-103,2025-09-15,19,226.79,4309.01,Q3
O-00828,C-0009,P-100,2025-06-02,10,1151.49,11514.9,Q2
O-00829,C-0067,P-104,2025-09-26,11,142.77,1570.47,Q3
O-00830,C-0088,P-101,2025-06-25,16,370.3,5924.8,Q2
O-00831,C-0025,P-101,2025-07-26,1,351.98,351.98,Q3
O-00832,C-0094,P-101,2025-04-19,1,402.56,402.56,Q2
O-00833,C-0022,P-100,2025-07-07,2,1117.58,2235.16,Q3
O-00834,C-0082,P-102,2025-10-01,20,653.6,13072.0,Q4
O-00835,C-0007,P-100,2025-12-01,1,980.26,980.26,Q4
O-00836,C-0015,P-103,2025-08-16,13,210.81,2740.53,Q3
O-00837,C-0033,P-103,2025-12-26,5,217.98,1089.9,Q4
O-00838,C-0088,P-100,2025-06-04,14,1237.9,17330.6,Q2
O-00839,C-0085,P-104,2025-05-19,20,151.8,3036.0,Q2
O-00840,C-0018,P-103,2025-02-23,17,262.89,4469.13,Q1
O-00841,C-0016,P-102,2025-02-28,4,779.37,3117.48,Q1
O-00842,C-0078,P-101,2025-05-15,17,456.24,7756.08,Q2
O-00843,C-0046,P-103,2025-06-01,6,203.45,1220.7,Q2
O-00844,C-0064,P-101,2025-12-19,16,366.28,5860.48,Q4
O-00845,C-0001,P-100,2025-12-10,3,1340.89,4022.67,Q4
O-00846,C-0074,P-103,2025-03-18,3,268.21,804.63,Q1
O-00847,C-0010,P-100,2025-05-12,8,1151.84,9214.72,Q2
O-00848,C-0038,P-102,2025-08-26,2,667.95,1335.9,Q3
O-00849,C-0023,P-100,2025-05-29,12,1296.67,15560.04,Q2
O-00850,C-0041,P-103,2025-03-01,4,274.48,1097.92,Q1
O-00851,C-0006,P-100,2025-03-12,6,1098.04,6588.24,Q1
O-00852,C-0057,P-104,2025-05-18,3,139.56,418.68,Q2
O-00853,C-0044,P-101,2025-02-28,13,376.04,4888.52,Q1
O-00854,C-0059,P-102,2025-07-17,16,863.97,13823.52,Q3
O-00855,C-0084,P-101,2025-02-27,5,417.46,2087.3,Q1
O-00856,C-0008,P-101,2025-02-23,14,447.57,6265.98,Q1
O-00857,C-0062,P-104,2025-12-14,15,129.52,1942.8,Q4
O-00858,C-0049,P-102,2025-11-10,1,881.52,881.52,Q4
O-00859,C-0094,P-101,2025-09-05,16,335.81,5372.96,Q3
O-00860,C-0053,P-103,2025-01-24,3,222.89,668.67,Q1
O-00861,C-0041,P-100,2025-12-27,17,1282.36,21800.12,Q4
O-00862,C-0074,P-104,2025-04-25,11,147.25,1619.75,Q2
O-00863,C-0089,P-104,2025-02-18,14,154.74,2166.36,Q1
O-00864,C-0032,P-103,2025-06-27,13,213.01,2769.13,Q2
O-00865,C-0072,P-104,2025-01-28,1,153.78,153.78,Q1
O-00866,C-0021,P-104,2025-08-29,16,165.64,2650.24,Q3
O-00867,C-0010,P-103,2025-06-14,8,228.95,1831.6,Q2
O-00868,C-0036,P-100,2025-09-17,8,1191.21,9529.68,Q3
O-00869,C-0049,P-103,2025-05-01,3,240.17,720.51,Q2
O-00870,C-0074,P-103,2025-02-15,16,239.12,3825.92,Q1
O-00871,C-0016,P-103,2025-12-01,1,208.98,208.98,Q4
O-00872,C-0053,P-100,2025-10-13,18,960.07,17281.26,Q4
O-00873,C-0012,P-104,2025-11-13,10,166.73,1667.3,Q4
O-00874,C-0072,P-101,2025-12-02,15,453.05,6795.75,Q4
O-00875,C-0047,P-100,2025-04-25,15,1099.43,16491.45,Q2
O-00876,C-0099,P-104,2025-11-04,16,157.62,2521.92,Q4
O-00877,C-0047,P-103,2025-02-28,4,266.44,1065.76,Q1
O-00878,C-0029,P-100,2025-06-24,12,1308.55,15702.6,Q2
O-00879,C-0038,P-104,2025-09-25,12,156.86,1882.32,Q3
O-00880,C-0006,P-101,2025-09-10,5,435.06,2175.3,Q3
O-00881,C-0096,P-103,2025-02-24,9,253.45,2281.05,Q1
O-00882,C-0025,P-100,2025-07-21,7,1151.96,8063.72,Q3
O-00883,C-0025,P-102,2025-02-25,14,653.02,9142.28,Q1
O-00884,C-0082,P-104,2025-03-05,15,144.01,2160.15,Q1
O-00885,C-0076,P-104,2025-03-10,16,120.23,1923.68,Q1
O-00886,C-0095,P-100,2025-10-11,14,1312.3,18372.2,Q4
O-00887,C-0062,P-104,2025-04-01,19,129.12,2453.28,Q2
O-00888,C-0017,P-100,2025-07-18,20,1214.59,24291.8,Q3
O-00889,C-0042,P-104,2025-07-16,14,171.42,2399.88,Q3
O-00890,C-0089,P-101,2025-05-21,13,454.9,5913.7,Q2
O-00891,C-0038,P-103,2025-03-10,5,236.12,1180.6,Q1
O-00892,C-0090,P-104,2025-06-03,18,165.19,2973.42,Q2
O-00893,C-0092,P-104,2025-11-20,7,130.55,913.85,Q4
O-00894,C-0080,P-102,2025-12-18,12,897.93,10775.16,Q4
O-00895,C-0017,P-101,2025-09-15,18,417.2,7509.6,Q3
O-00896,C-0042,P-100,2025-06-30,18,1161.76,20911.68,Q2
O-00897,C-0074,P-103,2025-12-12,18,225.02,4050.36,Q4
O-00898,C-0055,P-100,2025-09-25,4,970.61,3882.44,Q3
O-00899,C-0019,P-100,2025-12-10,2,1043.96,2087.92,Q4
O-00900,C-0097,P-101,2025-05-27,9,340.5,3064.5,Q2
O-00901,C-0008,P-102,2025-04-15,18,649.05,11682.9,Q2
O-00902,C-0058,P-100,2025-11-12,18,1323.23,23818.14,Q4
O-00903,C-0096,P-104,2025-07-19,8,146.82,1174.56,Q3
O-00904,C-0090,P-102,2025-12-21,2,899.42,1798.84,Q4
O-00905,C-0050,P-103,2025-12-17,11,284.51,3129.61,Q4
O-00906,C-0007,P-100,2025-05-09,7,1220.64,8544.48,Q2
O-00907,C-0100,P-103,2025-04-26,12,266.07,3192.84,Q2
O-00908,C-0070,P-104,2025-04-11,7,135.44,948.08,Q2
O-00909,C-0023,P-100,2025-04-06,6,1268.73,7612.38,Q2
O-00910,C-0016,P-103,2025-01-21,14,224.42,3141.88,Q1
O-00911,C-0034,P-101,2025-03-24,19,438.44,8330.36,Q1
O-00912,C-0001,P-102,2025-08-27,5,651.18,3255.9,Q3
O-00913,C-0042,P-104,2025-01-27,20,164.26,3285.2,Q1
O-00914,C-0039,P-103,2025-10-21,18,231.33,4163.94,Q4
O-00915,C-0091,P-102,2025-09-27,8,907.96,7263.68,Q3
O-00916,C-0067,P-100,2025-09-16,6,1134.69,6808.14,Q3
O-00917,C-0069,P-103,2025-02-17,12,219.35,2632.2,Q1
O-00918,C-0028,P-102,2025-06-19,12,722.2,8666.4,Q2
O-00919,C-0097,P-104,2025-09-29,16,172.32,2757.12,Q3
O-00920,C-0097,P-100,2025-02-28,12,1147.18,13766.16,Q1
O-00921,C-0083,P-104,2025-11-15,8,170.34,1362.72,Q4
O-00922,C-0088,P-102,2025-07-15,4,748.05,2992.2,Q3
O-00923,C-0070,P-102,2025-01-13,17,870.19,14793.23,Q1
O-00924,C-0048,P-104,2025-09-18,15,145.56,2183.4,Q3
O-00925,C-0038,P-101,2025-06-14,17,331.53,5636.01,Q2
O-00926,C-0013,P-101,2025-10-03,18,321.03,5778.54,Q4
O-00927,C-0009,P-101,2025-12-10,7,441.09,3087.63,Q4
O-00928,C-0055,P-100,2025-04-16,18,1308.07,23545.26,Q2
O-00929,C-0095,P-103,2025-11-28,3,265.35,796.05,Q4
O-00930,C-0020,P-100,2025-08-24,11,975.91,10735.01,Q3
O-00931,C-0010,P-100,2025-04-02,9,1194.4,10749.6,Q2
O-00932,C-0074,P-101,2025-05-13,14,374.32,5240.48,Q2
O-00933,C-0081,P-103,2025-08-10,11,201.48,2216.28,Q3
O-00934,C-0087,P-100,2025-10-01,1,1229.4,1229.4,Q4
O-00935,C-0080,P-100,2025-10-27,2,1254.37,2508.74,Q4
O-00936,C-0010,P-102,2025-09-15,4,721.15,2884.6,Q3
O-00937,C-0088,P-102,2025-11-07,3,718.82,2156.46,Q4
O-00938,C-0057,P-103,2025-07-22,1,241.47,241.47,Q3
O-00939,C-0069,P-101,2025-03-11,13,431.55,5610.15,Q1
O-00940,C-0070,P-102,2025-11-21,5,723.46,3617.3,Q4
O-00941,C-0094,P-102,2025-01-06,18,884.93,15928.74,Q1
O-00942,C-0019,P-100,2025-01-22,1,1200.54,1200.54,Q1
O-00943,C-0051,P-104,2025-10-08,3,136.0,408.0,Q4
O-00944,C-0096,P-102,2025-04-19,14,893.58,12510.12,Q2
O-00945,C-0066,P-101,2025-03-24,6,350.91,2105.46,Q1
O-00946,C-0033,P-101,2025-02-28,6,413.94,2483.64,Q1
O-00947,C-0073,P-100,2025-10-09,15,1230.76,18461.4,Q4
O-00948,C-0010,P-102,2025-12-10,3,710.19,2130.57,Q4
O-00949,C-0026,P-104,2025-09-07,11,138.75,1526.25,Q3
O-00950,C-0086,P-101,2025-02-21,10,406.73,4067.3,Q1
O-00951,C-0025,P-102,2025-09-06,15,731.94,10979.1,Q3
O-00952,C-0085,P-102,2025-12-22,19,682.67,12970.73,Q4
O-00953,C-0073,P-102,2025-06-11,14,687.22,9621.08,Q2
O-00954,C-0041,P-101,2025-04-24,14,358.74,5022.36,Q2
O-00955,C-0047,P-101,2025-12-14,11,442.9,4871.9,Q4
O-00956,C-0060,P-103,2025-07-03,10,242.61,2426.1,Q3
O-00957,C-0014,P-101,2025-11-27,20,331.48,6629.6,Q4
O-00958,C-0036,P-101,2025-10-03,7,356.85,2497.95,Q4
O-00959,C-0081,P-100,2025-02-08,1,1316.83,1316.83,Q1
O-00960,C-0081,P-100,2025-10-25,19,1130.16,21473.04,Q4
O-00961,C-0076,P-101,2025-01-19,18,356.49,6416.82,Q1
O-00962,C-0070,P-103,2025-12-01,5,232.01,1160.05,Q4
O-00963,C-0029,P-104,2025-05-29,5,144.4,722.0,Q2
O-00964,C-0066,P-100,2025-07-23,12,1170.91,14050.92,Q3
O-00965,C-0085,P-101,2025-11-11,6,426.01,2556.06,Q4
O-00966,C-0018,P-103,2025-03-23,6,249.56,1497.36,Q1
O-00967,C-0073,P-101,2025-09-05,12,325.66,3907.92,Q3
O-00968,C-0098,P-103,2025-04-29,3,223.13,669.39,Q2
O-00969,C-0030,P-100,2025-12-09,7,1177.51,8242.57,Q4
O-00970,C-0047,P-103,2025-08-29,15,277.14,4157.1,Q3
O-00971,C-0006,P-102,2025-02-22,17,817.4,13895.8,Q1
O-00972,C-0036,P-102,2025-10-24,18,799.64,14393.52,Q4
O-00973,C-0049,P-103,2025-07-07,19,257.17,4886.23,Q3
O-00974,C-0010,P-104,2025-05-09,13,171.07,2223.91,Q2
O-00975,C-0029,P-104,2025-07-27,12,162.9,1954.8,Q3
O-00976,C-0045,P-103,2025-09-04,20,200.58,4011.6,Q3
O-00977,C-0018,P-103,2025-03-26,8,206.75,1654.0,Q1
O-00978,C-0083,P-102,2025-04-19,5,692.33,3461.65,Q2
O-00979,C-0047,P-104,2025-03-02,8,141.77,1134.16,Q1
O-00980,C-0043,P-100,2025-09-04,16,1161.19,18579.04,Q3
O-00981,C-0076,P-101,2025-11-28,14,323.14,4523.96,Q4
O-00982,C-0006,P-101,2025-10-21,19,342.56,6508.64,Q4
O-00983,C-0081,P-104,2025-01-21,19,127.71,2426.49,Q1
O-00984,C-0022,P-102,2025-04-03,17,908.31,15441.27,Q2
O-00985,C-0077,P-104,2025-11-23,1,166.12,166.12,Q4
O-00986,C-0094,P-102,2025-02-13,7,765.78,5360.46,Q1
O-00987,C-0061,P-103,2025-03-29,8,272.66,2181.28,Q1
O-00988,C-0077,P-101,2025-10-26,6,407.25,2443.5,Q4
O-00989,C-0066,P-102,2025-03-27,11,898.26,9880.86,Q1
O-00990,C-0077,P-104,2025-02-05,8,139.86,1118.88,Q1
O-00991,C-0017,P-100,2025-01-09,7,1179.54,8256.78,Q1
O-00992,C-0065,P-103,2025-03-18,20,208.43,4168.6,Q1
O-00993,C-0061,P-104,2025-11-04,2,166.08,332.16,Q4
O-00994,C-0069,P-104,2025-03-02,3,145.32,435.96,Q1
O-00995,C-0017,P-104,2025-10-04,1,167.09,167.09,Q4
O-00996,C-0100,P-103,2025-09-25,14,232.41,3253.74,Q3
O-00997,C-0006,P-104,2025-08-08,8,169.27,1354.16,Q3
O-00998,C-0062,P-103,2025-06-29,19,270.4,5137.6,Q2
O-00999,C-0098,P-104,2025-02-20,14,127.03,1778.42,Q1
O-01000,C-0062,P-101,2025-02-12,10,403.76,4037.6,Q1
